"CD_APLICACAO","NM_APLICACAO","ST_APLICACAO","NM_USUINC","DT_USUINC","CD_MODULO","NM_USUALT","DT_USUALT"
FTF01130,Relatório de Tributos de Saída,N,IMPORTACAO,2011-09-02 12:43:26,FT,,
FTF01140,Relatório de Resumo de Tributos de Saída,N,IMPORTACAO,2011-09-02 12:43:26,FT,,
FTF01150,Relatório de Resumo de Notas Fiscais,N,IMPORTACAO,2011-09-02 12:43:26,FT,,
FTF01160,Relatório de Resumo de Notas Fiscais - Nota,N,IMPORTACAO,2011-09-02 12:43:26,FT,,
FTF01170,Relatório de Resumo de Notas Fiscais - Dia,N,IMPORTACAO,2011-09-02 12:43:26,FT,,
PRF00250,Cancelamento de Ordem de Produção,N,IMPORTACAO,2011-09-02 12:43:26,PR,,
GEF01060,Relatório de Agenda Telefônica,N,IMPORTACAO,2011-09-02 12:43:26,GE,,
LFF01020,Relatório de Tributos de Entrada,N,IMPORTACAO,2011-09-02 12:43:26,LF,,
FIF00200,Cadastro de Grupos Financeiros,N,IMPORTACAO,2011-09-02 12:43:26,FI,,
FIF01110,Relatório de Fluxo de Caixa,N,IMPORTACAO,2011-09-02 12:43:26,FI,,
FIF00210,Lançamentos de Fluxo de Caixa,N,IMPORTACAO,2011-09-02 12:43:26,FI,,
FIF01120,Relatório de Reimpressão de Pagamento Eletrônico,N,IMPORTACAO,2011-09-02 12:43:26,FI,,
FIF01130,Relatório de Fluxo de Caixa,N,IMPORTACAO,2011-09-02 12:43:26,FI,,
FIF01140,Relatório de Pagamentos - Resumido,N,IMPORTACAO,2011-09-02 12:43:26,FI,,
PRF01050,Relatório de Apontamentos da Produção - Analítico,N,IMPORTACAO,2011-09-02 12:43:26,PR,,
FTF01180,Relatório de Detalhes de Embarque - Cliente,N,IMPORTACAO,2011-09-02 12:43:26,FT,,
FTF01190,Relatório de Notas Fiscais - CGC,N,IMPORTACAO,2011-09-02 12:43:26,FT,,
PRF01060,Relatório de Apontamentos da Produção - Sintético,N,IMPORTACAO,2011-09-02 12:43:26,PR,,
PRF00260,Transferência de Faca para Ficha Técnica,N,IMPORTACAO,2011-09-02 12:43:26,PR,,
FTF01200,Relação de Notas Fiscais por Gupo/Subgrupo,N,IMPORTACAO,2011-09-02 12:43:26,FT,,
FTF00240,Cadastro de Solicitação de Artes,N,DBSFLEXO,2011-11-08 16:53:50,FT,,
FTF00250,Movimentação de Solicitação de Artes,N,DBSFLEXO,2011-11-08 16:54:02,FT,,
ESF00230,Acabamentos x  Grupo\Subrupos,N,DBSFLEXO,2011-12-19 10:11:02,ES,,
ESF00240,Empenho de Estoque por Ordem de Produção,N,DBSFLEXO,2012-01-03 16:31:44,ES,,
ESF00250,Transferência de Insumo para a Ficha Técnica,N,DBSFLEXO,2012-02-07 11:18:00,ES,,
ESF01201,Contagem de Estoque,N,DBSFLEXO,2012-03-05 15:04:28,ES,,
ESF01200,Relatório de Grupos/Subgrupos,N,NFE,2012-03-06 10:25:38,ES,,
ESF01202,Relatório de Entrada Manual de Inventário,N,DBSFLEXO,2012-06-14 08:56:17,ES,,
FTF01410,Curva ABC de clientes,N,DBSFLEXO,2012-09-05 20:14:21,FT,,
COF00080,Exclusão de Pedidos de Compra,N,DBSFLEXO,2011-12-13 09:23:10,CO,,
ESF01170,Registro de Movimentação de Saldo,N,DBSFLEXO,2012-01-11 18:22:09,ES,,
COF01120,Relatório de analise de compras (Revenda/Insumos),N,DBSFLEXO,2012-02-06 11:15:12,CO,,
ESF00260,Empenho de estoque por Pedido,N,DBSFLEXO,2012-02-14 16:39:47,ES,,
ESF01180,Listagem de saldo de produtos (Sintético),N,DBSFLEXO,2012-02-14 16:39:49,ES,,
PRF01250,Relatório de Ordem de Produção (Serigrafia),N,DBSFLEXO,2012-05-16 09:51:43,PR,,
PRF00370,Análise de Ordem de Produção,N,DBSFLEXO,2012-05-16 09:51:45,PR,DBSFLEXO,2012-11-29 00:00:00
CTF00130,Cadastro de Contador,N,DBSFLEXO,2011-09-27 15:20:11,CT,,
LFF00130,Geração de EFD - Fiscal,N,DBSFLEXO,2011-09-27 15:21:12,LF,,
LFF00170,Geração de Inventario de Estoque,S,DBSFLEXO,2011-09-27 15:21:22,LF,,
COF01110,Relatório de Histórico de Compras por Produto,N,DBSFLEXO,2011-11-11 16:40:51,CO,,
FTF01390,Relatório de Propostas que não evoluiram para Contrato,N,DBSFLEXO,2011-11-11 16:47:03,FT,,
RCF01070,Relatório para Conferência de Despesas e Fretes,N,DBSFLEXO,2012-06-19 16:51:45,RC,,
ESF01203,Relatório de Inventário,N,DBSFLEXO,2012-12-10 05:46:06,ES,,
GEF00340,Cadastro de Concorrentes,N,DBSFLEXO,2011-10-28 11:04:05,GE,,
ESF01160,Relatório de Produtos por Fornecedores,N,DBSFLEXO,2011-12-02 09:48:53,ES,,
FTF00270,Geração de Carta de Correção,N,DBSFLEXO,2012-10-05 21:31:07,FT,,
RCF00020,Lançamento de Despesas e Fretes,N,DBSFLEXO,2011-12-06 09:19:30,RC,,
GEF00360,Manutenção de clientes,N,DBSFLEXO,2012-10-23 10:12:25,GE,,
GEF00370,Manutenção de carteira de clientes,N,DBSFLEXO,2012-10-23 10:12:25,GE,,
FTF01430,Relatório de Carta de Correção,N,DBSFLEXO,2012-10-23 10:12:28,FT,,
ESF00280,Produtos Empenhados,N,DBSFLEXO,2012-02-29 14:16:51,ES,,
FTF01400,Planilha de Vendas,N,DBSFLEXO,2012-03-22 08:31:48,FT,,
FTF00260,Manutenção de Comissões,N,DBSFLEXO,2012-04-02 16:16:48,FT,,
ESF00290,Digitação de inventário de estoque,N,DBSFLEXO,2012-11-29 07:44:56,ES,,
PRF00360,Cadastro de Sub Etapas,N,DBSFLEXO,2012-02-16 10:53:04,PR,,
PRF01240,Relatório de Ficha Técnica,N,DBSFLEXO,2012-03-07 09:05:58,PR,,
GEF01120,Parâmetros da NFe,N,DBSFLEXO,2012-08-20 11:40:01,GE,,
FTF01420,Relatório de Vendas de Produtos,N,DBSFLEXO,2012-10-15 17:23:54,FT,,
LFF00190,Cadastro de Documento de Arrecadação Referenciado,N,DBSFLEXO,2012-11-19 14:52:29,LF,,
GEF01130,Relatório de ramos de atividade,N,DBSFLEXO,2013-01-16 14:27:04,GE,,
GEF00380,Consulta de Contatos com Clientes,N,DBSFLEXO,2013-04-03 09:53:01,GE,,
FTF01440,Relatório Sintético de Pedidos de Venda por Vendedor,N,DBSFLEXO,2013-08-01 17:34:23,FT,,
PRF00400,Cadastro de Atrasos,N,DBSFLEXO,2013-09-30 10:56:16,PR,,
FTF01470,Relatório de Faturamento por NCM,N,DBSFLEXO,2014-01-13 09:12:54,FT,,
FTF00300,Geração de Arquivo TXT para FCI,N,DBSFLEXO,2014-02-17 10:39:47,FT,,
FTF00310,Leitura de Arquivo TXT de FCI,N,DBSFLEXO,2014-02-17 10:39:58,FT,,
ESF00310,Clonar Produto,N,DBSFLEXO,2014-04-24 09:19:16,ES,,
ESF01220,Relatório de Orçamento de Produtos,N,DBSFLEXO,2014-05-16 15:30:17,ES,,
FIF00390,Parâmetros para Geração de Boleto - Com Registro,N,DBSFLEXO,2014-06-20 08:51:53,FI,,
ESF00320,Cadastro de preço de venda - por produto,N,DBSFLEXO,2014-07-08 10:34:47,ES,,
RCF01090,Relação de Fretes por Forncedor,N,DBSFLEXO,2014-08-25 13:54:32,RC,,
GEF01140,Relatório de Satisfação do Cliente,N,DBSFLEXO,2014-12-08 14:58:44,GE,,
GEF00440,Cadastro de Grupos de Pesquisas,N,DBSFLEXO,2014-12-08 14:58:48,GE,,
GEF00430,Cadastro de Grau de Satisfação,N,DBSFLEXO,2014-12-08 14:58:50,GE,,
ESF01230,Relação de Preço de Venda Atacado/Varejo,N,DBSFLEXO,2015-01-22 07:25:57,ES,,
ESF01240,Relatório de Posição de Estoque - Custo Médio,N,DBSFLEXO,2015-05-19 07:45:58,ES,,
FTF01540,Relatório de Provisionamento de Vendas,N,DBSFLEXO,2015-10-26 09:28:17,FT,,
TRF00010,Coeficientes Tabela Price,N,DBS,2009-04-24 11:26:41,GE,,
TRF00020,Cadastro de Grupos de Treinamentos,N,DBS,2009-04-24 11:27:22,GE,,
TRF00030,Cadastro de Treinamentos,N,DBS,2009-04-24 11:27:49,GE,,
TRF00040,Cadastro de Contatos,N,DBS,2009-04-24 11:28:11,GE,,
TRF00050,Cadastro de Instrutores,N,DBS,2009-04-24 11:28:29,GE,,
TRF00060,Cadastro de Alunos,N,DBS,2009-04-24 11:28:47,GE,,
TRF00070,Cadastro de Local,N,DBS,2009-04-24 11:29:07,GE,,
TRF00080,Lancamento de Turmas,N,DBS,2009-04-24 11:29:38,GE,,
TRF01010,Relatório de Tabela de Preços,N,DBS,2009-04-24 11:30:34,GE,,
TRF01020,Relatório de Aniversariantes,N,DBS,2009-04-24 11:30:53,GE,,
TRF00090,Geração de Lista de Presença,N,DBS,2009-06-03 10:42:49,GE,,
TRF01030,Impressão de Lista de Presença,N,DBS,2009-06-03 10:42:58,GE,,
TRF00100,Lançamento de Presenças,N,DBS,2009-06-03 11:56:11,GE,,
OSF00010,Cadastro de Solicitantes,N,DBS,2009-10-12 18:27:30,GE,,
OSF00020,Cadastro de Abertura de Ordem de Serviço,N,DBS,2009-11-16 16:48:26,GE,,
TRF00110,Cálculo de Juros de Boleto,N,DBS,2010-04-14 16:07:31,GE,,
TRF01040,Relação de Interessados em Treinamentos,N,DBS,2010-11-18 10:17:42,GE,,
GEF00300,Cadastro de Chamados,N,DBS,2011-05-02 12:10:39,GE,,
GEF00310,Cadastro de Ordens de Serviço,N,DBS,2011-05-02 17:57:15,GE,,
GEF01100,Relatório de Ordens de Serviço,N,DBS,2011-05-04 08:31:48,GE,,
GEF10250,Autorização para locação de Veículo,N,UNICAMPO,2011-08-31 16:57:03,GE,,
GEF00350,Cadastro de Módulos,N,DBS,2012-02-04 11:53:31,GE,,
GEF00420,Fila de Produção,N,DBS,2014-04-14 16:06:38,GE,,
GEF00410,Cadastro de Atividades - Produção,N,DBS,2014-04-03 15:40:08,GE,,
FTF01320,Reimpressão do Laudo de Conformidade,N,importacao,2013-11-04 14:20:43,FT,,
RCF01080,Relatório de Ficha de Inspeção,N,DBS,2014-04-30 16:15:16,RC,,
PRF01310,Relatório de Desperdícios/Perdas - Empenho,N,DBSFLEXO,2015-02-24 11:35:13,PR,,
FTF01530,Relatório Sintético de Faturamento,N,DBSFLEXO,2015-03-31 15:27:31,FT,,
PRF01270,Relatório de Previsão de Insumo,N,DBSFLEXO,2013-03-06 10:28:54,PR,,
PRF00390,Geração de Ordem de Produção - Serigrafia,N,DBSFLEXO,2013-03-06 10:28:58,PR,,
FIF00380,Parâmetros para Geração de Boletos,N,DBSFLEXO,2014-05-30 08:21:19,FI,,
GEF00500,Conceder e Remover privilégios de acesso ao Menu,N,DBSFLEXO,2015-11-17 14:15:40,GE,,
ESF01100,Relatório de Preço Médio,N,DBSFLEXO,2015-11-17 14:16:52,ES,,
ESF01140,Geração de Etiqueta do Almoxarifado,N,DBSFLEXO,2015-11-17 14:16:52,ES,,
FTF01290,Relatório de Prazos de Entrega,N,DBSFLEXO,2015-11-17 14:17:05,FT,,
FTF01480,Relatório de Pedidos por Usuários,N,DBSFLEXO,2015-11-17 14:17:26,FT,,
CTF01090,Relatório de Classificação de Plano de Contas,N,DBSFLEXO,2015-11-17 14:17:40,CT,,
FTF01450,Relatório de Clientes sem Movimentação por Período,N,DBSFLEXO,2013-08-01 17:34:12,FT,,
LFF00180,Geração de EFD - Contribuições,N,DBSFLEXO,2013-11-08 14:44:21,LF,,
PRF01300,Relatório de OPs Programadas por Período,N,DBSFLEXO,2013-11-27 10:18:21,PR,,
ESF00300,Consulta de Preço Médio,N,DBSFLEXO,2013-03-27 09:10:42,ES,,
FTF00290,Controle de Expedição,N,DBSFLEXO,2013-03-27 09:12:23,FT,,
FTF01460,Relatório Gerencial de Vendas,N,DBSFLEXO,2013-11-08 14:57:38,FT,,
GEF00460,Aplicação de Pesquisa de Satisfação,N,DBSFLEXO,2014-12-31 07:34:17,GE,,
GEF00470,Lançamento do Retorno da Pesquisa,N,DBSFLEXO,2014-12-31 07:34:59,GE,,
GEF01150,Relatório de Pesquisa de Satisfação,N,DBSFLEXO,2014-12-31 07:35:10,GE,,
GEF00400,Consulta de Sessões Travadas,N,DBSFLEXO,2013-09-30 10:55:34,GE,,
COF01130,Relatório de Evolução de Preço - Compras,N,DBSFLEXO,2014-03-13 10:18:20,CO,,
GEF00480,E-mail Contato (Clientes),N,DBSFLEXO,2014-12-30 07:49:07,GE,,
ESF00330,Recálculo do Preço Médio,N,DBSFLEXO,2015-05-06 05:09:12,ES,,
FIF01260,Relatório de Movimentos do Livro Caixa,N,DBSFLEXO,2015-07-21 13:58:48,FI,,
FTF01490,Relatório de Acompanhamento de Pós Vendas,N,DBSFLEXO,2014-08-27 08:37:57,FT,,
FTF01500,Relatório de Faturamento por Ramo de Atividade,N,DBSFLEXO,2014-09-24 16:03:37,FT,,
FTF01510,Relatório de Pontualidade de Entrega de Mercadorias,N,DBSFLEXO,2014-11-05 07:30:57,FT,,
GEF00450,Cadastro de Questionário de Satisfação do Cliente,N,DBSFLEXO,2014-12-08 14:58:47,GE,,
ESF00340,Consulta de Movimentação de Estoque por OP,N,DBSFLEXO,2015-05-26 17:00:20,ES,,
PRF00490,Cadastro de Clichês,N,DBSFLEXO,2015-09-18 11:11:09,PR,,
FTF00280,Transmissão de Carta de Correção para a Receita,N,DBSFLEXO,2014-03-12 13:19:37,FT,,
RCF00040,Alteração de Tributos da Nota Fiscal,N,DBSFLEXO,2014-07-30 15:42:28,RC,,
PRF01320,Relatório de Meta da Fila de Produção,N,DBSFLEXO,2015-05-05 15:52:44,PR,,
PRF00380,Lançamento de Bureau,N,DBSFLEXO,2013-02-20 11:01:49,PR,,
PRF01280,Relatório de OPs em Aberto por Facas,N,DBSFLEXO,2013-08-22 11:49:50,PR,,
ESF01210,Relação de Produtos a Inventariar,N,DBSFLEXO,2014-02-12 08:12:45,ES,,
RCF00050,Cadastro de Parâmetros do Recebimento,N,DBSFLEXO,2014-11-11 13:13:39,RC,,
FTF00230,Geração de Contrato - Analítico,N,DBSFLEXO,2015-04-17 09:14:39,FT,,
PRF01260,Situação da OP,N,DBSFLEXO,2013-01-17 08:50:12,PR,,
FTF00130,Consulta de Evolução de Preços,N,IMPORTACAO,2011-09-02 12:43:26,FT,,
ESF01080,Relatório de Listagem de Saldo de Produtos Acabados,N,IMPORTACAO,2011-09-02 12:43:26,ES,,
FTF00140,Faturamento de Nota de Entrada,N,IMPORTACAO,2011-09-02 12:43:26,FT,,
FTF01210,Reimpressão de Nota Fiscal de Entrada,N,IMPORTACAO,2011-09-02 12:43:26,FT,,
FIF00230,Cadastro de Ocorrências de Pagamento Eletrônicos,N,IMPORTACAO,2011-09-02 12:43:26,FI,,
MIF00220,Emissão de Duplicatas - Eletrônico,N,IMPORTACAO,2011-09-02 12:43:26,FI,,
CTF00060,Cadastro de Parâmetros Contábeis,N,IMPORTACAO,2011-09-02 12:43:26,CT,,
PRF01070,Relatório de Produção,N,IMPORTACAO,2011-09-02 12:43:26,PR,,
ESF01090,Relatório de Listagem de Estoque Mínimo,N,IMPORTACAO,2011-09-02 12:43:26,ES,,
CTF01010,Relatório de Plano de Contas,N,IMPORTACAO,2011-09-02 12:43:26,CT,,
CTF01020,Diário Auxiliar Contábil,N,IMPORTACAO,2011-09-02 12:43:26,CT,,
PRF01080,Relatório de Aparas,N,IMPORTACAO,2011-09-02 12:43:26,PR,,
PRF00270,Cadastro de Turnos,N,IMPORTACAO,2011-09-02 12:43:26,PR,,
FIF00220,Emissão de Duplicatas - Eletrônico,N,IMPORTACAO,2011-09-02 12:43:26,FI,,
ESF00130,Lançamento de Estoque de Produto Fabricado - Saída,N,IMPORTACAO,2011-09-02 12:43:26,ES,,
FTF00150,Cadastro de Situações Tributárias,N,IMPORTACAO,2011-09-02 12:43:26,FT,,
FTF01220,Relatório de Produtos Faturados por Cliente,N,IMPORTACAO,2011-09-02 12:43:26,FT,,
PRF00290,Apontamento de Ordem de Produção - Rebobinadeira,N,IMPORTACAO,2011-09-02 12:43:26,PR,,
GEF00180,Programa de Virada de Ano,N,IMPORTACAO,2011-09-02 12:43:26,GE,,
LFF00030,Arquivo TXT Receita Estadual,N,IMPORTACAO,2011-09-02 12:43:26,LF,,
FIF00240,Cancelamento de Envio de Duplicatas para o Banco,N,IMPORTACAO,2011-09-02 12:43:26,FI,,
FIF01150,Relação de Pagamentos,N,IMPORTACAO,2011-09-02 12:43:26,FI,,
PRF01090,Relatório de Paradas,N,IMPORTACAO,2011-09-02 12:43:26,PR,,
PRF01100,Relatório de Itens por Prazo de Entrega,N,IMPORTACAO,2011-09-02 12:43:26,PR,,
PRF00300,Gerador de Períodos de Turnos,N,IMPORTACAO,2011-09-02 12:43:26,PR,,
GEF00190,Parâmetros Gerais,N,IMPORTACAO,2011-09-02 12:43:26,GE,,
FTF01230,Relatório de Detalhes de Embarque - Transportador,N,IMPORTACAO,2011-09-02 12:43:26,FT,,
FTF01240,Relatório de Alterações de Contratos,N,IMPORTACAO,2011-09-02 12:43:26,FT,,
FIF00250,Baixas de Títulos a Receber - Eletrônico,N,IMPORTACAO,2011-09-02 12:43:26,FI,,
PRF00310,Consulta de Alocação de Turnos por Equipamento,N,IMPORTACAO,2011-09-02 12:43:26,PR,,
FTF01250,Relatório de Análise Crítica,N,IMPORTACAO,2011-09-02 12:43:26,FT,,
PRF01110,Relatório de Fila de Produção por Equipamentos,N,IMPORTACAO,2011-09-02 12:43:26,PR,,
GEF00200,Cadastro de Responsáveis pelo Sistema,N,IMPORTACAO,2011-09-02 12:43:26,GE,,
GEF00210,Abertura de Chamado Técnico,N,IMPORTACAO,2011-09-02 12:43:26,GE,,
GEF00220,Manutenção de Entrada/Saída de Visitantes na Empresa,N,IMPORTACAO,2011-09-02 12:43:26,GE,,
GEF01070,Relatório de Visitas na Empresa,N,IMPORTACAO,2011-09-02 12:43:26,GE,,
ESF00140,Cadastro de Parâmetros do Estoque,N,IMPORTACAO,2011-09-02 12:43:26,ES,,
ESF00150,Consulta de Baixa de Insumo,N,IMPORTACAO,2011-09-02 12:43:26,ES,,
FTF00160,Consulta de Contratos Cancelados,N,IMPORTACAO,2011-09-02 12:43:26,FT,,
CTF00090,Lançamento Manuel de Contabilidade,N,IMPORTACAO,2011-09-02 12:43:26,CT,,
FTF00170,Consulta de Pedidos por Ordem de Compra do Cliente,N,IMPORTACAO,2011-09-02 12:43:26,FT,,
GEF00230,Cadastro de Índice Econômico e Cotações,N,IMPORTACAO,2011-09-02 12:43:26,GE,,
CTF01030,Relatório de Contas por Cliente,N,IMPORTACAO,2011-09-02 12:43:26,CT,,
CTF01040,Relatório de Contas por Fornecedor,N,IMPORTACAO,2011-09-02 12:43:26,CT,,
COF01080,Relatório de Prazo de Entrega - Fornecedor,N,IMPORTACAO,2011-09-02 12:43:26,CO,,
CTF00080,Consulta de Saldos Contábeis,N,IMPORTACAO,2011-09-02 12:43:26,CT,,
GEF00240,Cadastro de Perfil de Usuários,N,IMPORTACAO,2011-09-02 12:43:26,GE,,
GEF00250,Cadastro de Menu,N,IMPORTACAO,2011-09-02 12:43:26,GE,,
FTF01270,Relatório de Solicitação de Artes,N,IMPORTACAO,2011-09-02 12:43:26,FT,,
PRF00320,Cadastro de Módulos,N,IMPORTACAO,2011-09-02 12:43:26,PR,,
FIF00260,Cancelamento de Pagamento Eletrônico,N,IMPORTACAO,2011-09-02 12:43:26,FI,,
FIF00270,Agrupamento de Obrigações em Faturas,N,IMPORTACAO,2011-09-02 12:43:26,FI,,
CTF00070,Lançamento Inicial de Saldos,N,IMPORTACAO,2011-09-02 12:43:26,CT,,
CTF01050,Relatório de Balancete de Verificação,N,IMPORTACAO,2011-09-02 12:43:26,CT,,
LFF00040,Arquivo TXT Notas Fiscais - IPI,N,IMPORTACAO,2011-09-02 12:43:26,LF,,
LFF00050,Cadastro de Folhas dos Livros,N,IMPORTACAO,2011-09-02 12:43:26,LF,,
LFF01030,Relatório de Tributos de Saída,N,IMPORTACAO,2011-09-02 12:43:26,LF,,
CTF01060,Relatório de Razão Analítico,N,IMPORTACAO,2011-09-02 12:43:26,CT,,
LFF01040,Relatório de Registro de Apuração do IPI,N,IMPORTACAO,2011-09-02 12:43:26,LF,,
LFF01050,Relatório de Registro de Apuração do ICMS,N,IMPORTACAO,2011-09-02 12:43:26,LF,,
PRF00330,Lançamento de Facas/Cilindros para Equipamentos,N,IMPORTACAO,2011-09-02 12:43:26,PR,,
PRF00340,Movimentação de Facas,N,IMPORTACAO,2011-09-02 12:43:26,PR,,
GEF01080,Relatório de Clientes/Cidades,N,IMPORTACAO,2011-09-02 12:43:26,GE,,
FIF01160,Reimpressão de Pagamento Avulso,N,IMPORTACAO,2011-09-02 12:43:26,FI,,
PRF01120,Relatório de Insumos,N,IMPORTACAO,2011-09-02 12:43:26,PR,,
ESF01110,Relatório de Registro de Inventário,N,IMPORTACAO,2011-09-02 12:43:26,ES,,
PRF01130,Relatório de Geração de Etiquetas de Lote,N,IMPORTACAO,2011-09-02 12:43:26,PR,,
PRF01140,Relatório de Solicitação de Artes,N,IMPORTACAO,2011-09-02 12:43:26,PR,,
ESF01120,Relatório de Conferência de Estoque,N,IMPORTACAO,2011-09-02 12:43:26,ES,,
LFF00060,Manutenção do Livro Fiscal de Entrada,N,IMPORTACAO,2011-09-02 12:43:26,LF,,
LFF00070,Manutenção do Livro Fiscal de Saída,N,IMPORTACAO,2011-09-02 12:43:26,LF,,
PRF01150,Relatório de Produção com Valores - Analítico,N,IMPORTACAO,2011-09-02 12:43:26,PR,,
FTF01330,Relatório de Resumo de Notas Fiscais - CGC,N,IMPORTACAO,2011-09-02 12:43:26,FT,,
LFF00080,Resumo de Apuração de IPI/ICMS,N,IMPORTACAO,2011-09-02 12:43:26,LF,,
LFF01060,Livro de Registro de Apuração - IPI,N,IMPORTACAO,2011-09-02 12:43:26,LF,,
LFF01070,Relatório da GIA - ICMS,N,IMPORTACAO,2011-09-02 12:43:26,LF,,
LFF00090,Parâmetros GIA-ICMS,N,IMPORTACAO,2011-09-02 12:43:26,LF,,
FTF01280,Relatório de Check List - Contrato,N,IMPORTACAO,2011-09-02 12:43:26,FT,,
COF00070,Geração de Ordem de compra,N,IMPORTACAO,2011-09-02 12:43:26,CO,,
ESF00160,Requisição de compra,N,IMPORTACAO,2011-09-02 12:43:26,CO,,
COF01100,Relatório de Requisições Solicitadas por Fornecedor,N,IMPORTACAO,2011-09-02 12:43:26,CO,,
COF01090,Relatório de Requisições por Ordem de Compra,N,IMPORTACAO,2011-09-02 12:43:26,CO,,
ESF01130,Relatorio de reserva de insumo,N,IMPORTACAO,2011-09-02 12:43:26,ES,,
CTF00100,Encerramento de Exercício,N,IMPORTACAO,2011-09-02 12:43:26,CT,,
FTF01300,Relatorio de Acompanhamento de entregas,N,IMPORTACAO,2011-09-02 12:43:26,FT,,
LFF00100,Cadastro de Detalhamento Apuração do ICMS,N,IMPORTACAO,2011-09-02 12:43:26,LF,,
LFF01080,Relatório de Registro de Apuração do ICMS II,N,IMPORTACAO,2011-09-02 12:43:26,LF,,
LFF01090,Relatório de Registro de Apuração do IPI II,N,IMPORTACAO,2011-09-02 12:43:26,LF,,
LFF00110,Cadastro de Detalhamento Apuração do IPI,N,IMPORTACAO,2011-09-02 12:43:26,LF,,
APF00010,Cadastro de Grupo/Subgrupo,N,IMPORTACAO,2011-09-02 12:43:26,CT,,
APF00020,Cadastro de Moeda Ativa,N,IMPORTACAO,2011-09-02 12:43:26,CT,,
APF00030,Cadastro de Motivo de Suspensão,N,IMPORTACAO,2011-09-02 12:43:26,CT,,
APF00040,Cadastro de Itens,N,IMPORTACAO,2011-09-02 12:43:26,CT,,
APF00050,Cadastro de Índice Econômico,N,IMPORTACAO,2011-09-02 12:43:26,CT,DBSFLEXO,2013-01-31 16:06:36
APF00060,Cadastro de Espécie,N,IMPORTACAO,2011-09-02 12:43:26,CT,DBSFLEXO,2013-01-31 16:07:06
APF00070,Cadastro de Local,N,IMPORTACAO,2011-09-02 12:43:26,CT,DBSFLEXO,2013-01-31 16:07:24
APF00080,Suspensão de Itens,N,IMPORTACAO,2011-09-02 12:43:26,CT,,
APF00090,Cadastro de Planta de Seguros,N,IMPORTACAO,2011-09-02 12:43:26,CT,,
APF00100,Cadastro de Parâmetros,N,IMPORTACAO,2011-09-02 12:43:26,CT,,
APF00110,Movimentação de Incorporação/Baixa,N,IMPORTACAO,2011-09-02 12:43:26,CT,,
APF00120,Cancelamento de Cálculo,N,IMPORTACAO,2011-09-02 12:43:26,CT,,
APF00130,Inconformidades de Cálculos,N,IMPORTACAO,2011-09-02 12:43:26,CT,,
APF00140,Baixa Total de Bens,N,IMPORTACAO,2011-09-02 12:43:26,CT,,
APF00150,Geração de Arquivo Texto - Depreciação,N,IMPORTACAO,2011-09-02 12:43:26,CT,,
APF00160,Geração de Arquivo Texto - Target,N,IMPORTACAO,2011-09-02 12:43:26,CT,,
APF00170,Consulta Cadastro de Itens,N,IMPORTACAO,2011-09-02 12:43:26,CT,,
APF01010,Relatório de Itens - Detalhado,N,IMPORTACAO,2011-09-02 12:43:26,CT,,
APF01020,Relatório de Itens - Resumido,N,IMPORTACAO,2011-09-02 12:43:26,CT,,
APF01030,Relatório de Grupo/Subgrupo,N,IMPORTACAO,2011-09-02 12:43:26,CT,,
APF01040,Relatório de Bens Adquiridos no Período,N,IMPORTACAO,2011-09-02 12:43:26,CT,,
APF01050,Relatório de Grupos,N,IMPORTACAO,2011-09-02 12:43:26,CT,,
APF01060,Relatório de Incorporações/Baixas no Período,N,IMPORTACAO,2011-09-02 12:43:26,CT,,
APF01070,Relatório de Ficha Analítica do Ativo Imobilizado,N,IMPORTACAO,2011-09-02 12:43:26,CT,,
APF01080,Relatório de Resumo dos Saldos do Cadastro,N,IMPORTACAO,2011-09-02 12:43:26,CT,,
APF01090,Relatório de Resumo de Correção Monetária e Depreciação,N,IMPORTACAO,2011-09-02 12:43:26,CT,,
APF01100,Relatório de Itens Resumido para Inventário,N,IMPORTACAO,2011-09-02 12:43:26,CT,,
PRF01160,Relatório de Etiqueta de Expedição,N,IMPORTACAO,2011-09-02 12:43:26,PR,,
ESF00180,Cadastro de Padrao de Conformidade,N,IMPORTACAO,2011-09-02 12:43:26,ES,,
FTF00200,Cadastro de Parâmetros,N,IMPORTACAO,2011-09-02 12:43:26,CT,,
FTF01340,Relatório de Evolução de Preço,N,IMPORTACAO,2011-09-02 12:43:26,FT,,
CTF01070,Relatório DRE,N,IMPORTACAO,2011-09-02 12:43:26,FT,,
CTF01080,Balanço Patrimonial,N,IMPORTACAO,2011-09-02 12:43:26,FT,,
CTF00120,Cadastro de Balanço Patrimonial,N,IMPORTACAO,2011-09-02 12:43:26,FT,,
FTF00190,Transmissão de Nota para a Receita,N,IMPORTACAO,2011-09-02 12:43:26,FT,,
FIF00310,Geração de Cheque,N,IMPORTACAO,2011-09-02 12:43:26,FT,,
FTF00210,Cancelamento de Nota Fiscal,N,IMPORTACAO,2011-09-02 12:43:26,FT,DBSFLEXO,2012-08-30 17:17:33
ESF00170,Transferencia de Requisições,N,IMPORTACAO,2011-09-02 12:43:26,CO,,
LFF00120,Arquivo txt CINCO,N,IMPORTACAO,2011-09-02 12:43:26,FT,,
PRF01200,PREVISAO CONSUMO DE INSUMOS,N,IMPORTACAO,2011-09-02 12:43:26,FT,,
FTF00220,Relação de NFE - Período (xml/pdf),N,IMPORTACAO,2011-09-02 12:43:26,FT,,
FIF00300,Cdastro de Utilização de Cheque,N,IMPORTACAO,2011-09-02 12:43:26,FT,,
GEF00270,Contas à Pagar (Auditoria),N,IMPORTACAO,2011-09-02 12:43:26,GE,,
GEF00280,Contas à Receber (Auditoria),N,IMPORTACAO,2011-09-02 12:43:26,GE,,
LFF00140,"Tabela Versão do Leiaute, pelo Ato COTEPE/ICMS",N,IMPORTACAO,2011-09-02 12:43:26,LF,,
GEF01090,Relatório de Agenda de Vendas,N,IMPORTACAO,2011-09-02 12:43:26,GE,,
FIF00360,Cadastro de Plano Orçamentário,N,IMPORTACAO,2011-09-02 12:43:26,FI,,
ESF00190,Cadastro de Orçamentos,N,IMPORTACAO,2011-09-02 12:43:26,ES,,
ESF00020,Cadastro de NCM,N,IMPORTACAO,2011-09-02 12:43:26,ES,,
PRF00350,Cadastro de Formatos de Corte,N,IMPORTACAO,2011-09-02 12:43:26,PR,,
ESF00200,Cadastro de Acabamentos e Insumos,N,IMPORTACAO,2011-09-02 12:43:26,ES,,
FIF01210,Fluxo de Caixa Sintético,N,IMPORTACAO,2011-09-02 12:43:26,FI,,
FIF00330,Cancelamento de Obrigações Financeiras,N,IMPORTACAO,2011-09-02 12:43:26,FI,,
GEF00260,Cadastros de Custos Fixos,N,IMPORTACAO,2011-09-02 12:43:26,FT,,
FIF00340,Movimentação de Cheques de Venda,N,IMPORTACAO,2011-09-02 12:43:26,FI,,
FIF00350,Cancelamento de Títulos a Receber,N,IMPORTACAO,2011-09-02 12:43:26,FI,,
LFF00150,Cadastro de Modelos de Documentos Fiscais,N,IMPORTACAO,2011-09-02 12:43:26,LF,,
GEF00290,Cadastro de Forma de Pagamento,N,IMPORTACAO,2011-09-02 12:43:26,GE,,
FIF00320,Movimentação de Contas Correntes,N,IMPORTACAO,2011-09-02 12:43:26,FI,,
FIF01200,Relatório de Conta Corrente,N,IMPORTACAO,2011-09-02 12:43:26,FI,,
ESF01150,Relatório de Produtos por CLiente,N,IMPORTACAO,2011-09-02 12:43:26,ES,,
FIF01190,Relatório de Fluxo de Caixa,N,IMPORTACAO,2011-09-02 12:43:26,FT,,
FIF00370,Cadastro de Feriados,N,IMPORTACAO,2011-09-02 12:43:26,FI,,
GEF01110,Cadastro de Prompts,N,IMPORTACAO,2011-09-02 12:43:26,GE,,
LFF00160,Cadastro de Códigos da Receita Estadual,N,IMPORTACAO,2011-09-02 12:43:26,LF,,
PRF01210,Relatório de OP por Finalização,N,IMPORTACAO,2011-09-02 12:43:26,FT,,
ESF00210,Cadastro de Classificação de Itens,N,IMPORTACAO,2011-09-02 12:43:26,ES,,
ESF00220,Cadastro de Parâmetro de Lucro para Orçamentos,N,IMPORTACAO,2011-09-02 12:43:26,ES,,
GEF00330,Cadastro de Ramos de Atividade,N,IMPORTACAO,2011-09-02 12:43:26,GE,,
PRF01180,Relatório de Puxadas,N,IMPORTACAO,2011-09-02 12:43:26,PR,,
PRF01190,Relatório de Engrenagens,N,IMPORTACAO,2011-09-02 12:43:26,PR,,
PRF01170,Relatório de Tipos de Paradas,N,IMPORTACAO,2011-09-02 12:43:26,PR,,
RCF00030,Alteração Fornec./Nº/Série/Esp. Nota,N,IMPORTACAO,2011-09-02 12:43:26,RC,,
FIF01180,Relatório de Cheques por Vencimento,N,IMPORTACAO,2011-09-02 12:43:26,FI,,
GEF00010,Cadastro de Aplicações,N,IMPORTACAO,2011-09-02 12:43:26,GE,,
GEF00020,Cadastro de Erros,N,IMPORTACAO,2011-09-02 12:43:26,GE,,
GEF00030,Cadastro de País/Estado,N,IMPORTACAO,2011-09-02 12:43:26,GE,,
GEF00040,Cadastro de Cidades,N,IMPORTACAO,2011-09-02 12:43:26,GE,,
GEF00050,Cadastro de Filiais,N,IMPORTACAO,2011-09-02 12:43:26,GE,,
GEF00060,Cadastro de Usuários,N,IMPORTACAO,2011-09-02 12:43:26,GE,,
GEF00100,Cadastro de Centro de Custo,N,IMPORTACAO,2011-09-02 12:43:26,GE,,
GEF00110,Cadastro de Tributos,N,IMPORTACAO,2011-09-02 12:43:26,GE,,
GEF00070,Cadastro de Clientes,N,IMPORTACAO,2011-09-02 12:43:26,GE,,
GEF00080,Cadastro de Fornecedores,N,IMPORTACAO,2011-09-02 12:43:26,GE,,
GEF00090,Cadastro de Unidades de Medida,N,IMPORTACAO,2011-09-02 12:43:26,GE,,
GEF00120,Cadastro de Natureza de Operação,N,IMPORTACAO,2011-09-02 12:43:26,GE,,
COF00010,Cadastro de Solicitantes,N,IMPORTACAO,2011-09-02 12:43:26,CO,,
ESF00010,Cadastro de Famílias,N,IMPORTACAO,2011-09-02 12:43:26,ES,,
ESF00030,Cadastro de Grupos e Sub Grupos,N,IMPORTACAO,2011-09-02 12:43:26,ES,,
ESF00040,Cadastro de Depósitos,N,IMPORTACAO,2011-09-02 12:43:26,ES,,
ESF00050,Cadastro de Marcas,N,IMPORTACAO,2011-09-02 12:43:26,ES,,
GEF00130,Cadastro de Condição de Pagamento,N,IMPORTACAO,2011-09-02 12:43:26,GE,,
COF00020,Geração de Pedidos de Compra,N,IMPORTACAO,2011-09-02 12:43:26,CO,,
COF00030,Aprovação de Pedidos,N,IMPORTACAO,2011-09-02 12:43:26,CO,,
COF01010,Espelho de Pedido de Compra,N,IMPORTACAO,2011-09-02 12:43:26,CO,,
COF00040,Cancelamento de Pedido,N,IMPORTACAO,2011-09-02 12:43:26,CO,,
ESF00070,Cadastro de Tipo de Item,N,IMPORTACAO,2011-09-02 12:43:26,ES,,
ESF00060,Cadastro de Produtos,N,IMPORTACAO,2011-09-02 12:43:26,ES,,
ESF00080,Consulta de Saldo de Itens,N,IMPORTACAO,2011-09-02 12:43:26,ES,,
RCF00010,Digitação de Notas Fiscais de Entrada,N,IMPORTACAO,2011-09-02 12:43:26,RC,,
COF01020,Relatório de Resumo Mensal de Compras em Valores,N,IMPORTACAO,2011-09-02 12:43:26,CO,,
COF01030,Relatório de Pedidos Cancelados,N,IMPORTACAO,2011-09-02 12:43:26,CO,,
COF01060,Relatório de Pedidos em Aberto,N,IMPORTACAO,2011-09-02 12:43:26,CO,,
COF01040,Relatório de Pedidos por Família de Compra - Analítico,N,IMPORTACAO,2011-09-02 12:43:26,CO,,
COF01050,Relatório de Pedidos por Família de Compra - Sintético,N,IMPORTACAO,2011-09-02 12:43:26,CO,,
COF01070,Relatório de Saldo de Pedidos,N,IMPORTACAO,2011-09-02 12:43:26,CO,,
GEF00140,Cadastro de Vendedores,N,IMPORTACAO,2011-09-02 12:43:26,GE,,
FTF00010,Cadastro de Espécies,N,IMPORTACAO,2011-09-02 12:43:26,FT,,
ESF00100,Cadastro de Preço de Produtos,N,IMPORTACAO,2011-09-02 12:43:26,ES,,
RHF00010,Cadastro de Departamento/Setor,N,IMPORTACAO,2011-09-02 12:43:26,RH,,
RHF00020,Cadastro de Funcionários,N,IMPORTACAO,2011-09-02 12:43:26,RH,,
FTF00020,Lançamento de Proposta de Venda,N,IMPORTACAO,2011-09-02 12:43:26,FT,,
FTF00030,Geração de Contrato de Venda,N,IMPORTACAO,2011-09-02 12:43:26,FT,,
RCF01010,Relatório para Conferência de Notas,N,IMPORTACAO,2011-09-02 12:43:26,RC,,
RCF01020,Relatório de Notas por Pedido de Compras,N,IMPORTACAO,2011-09-02 12:43:26,RC,,
RCF01030,Relatório de Entradas de Notas por Natureza de Operação,N,IMPORTACAO,2011-09-02 12:43:26,RC,,
GEF01010,Relatório Centro de Custo,N,IMPORTACAO,2011-09-02 12:43:26,GE,,
GEF01020,Relatório de Condição de Pagamento,N,IMPORTACAO,2011-09-02 12:43:26,GE,,
GEF01030,Relatório de Natureza de Operação,N,IMPORTACAO,2011-09-02 12:43:26,GE,,
GEF01040,Relatório de Clientes,N,IMPORTACAO,2011-09-02 12:43:26,GE,,
GEF01050,Relatório de Fornecedores,N,IMPORTACAO,2011-09-02 12:43:26,GE,,
ESF01010,Relatório de Produtos com Saldo Negativo,N,IMPORTACAO,2011-09-02 12:43:26,ES,,
ESF01020,Relatório de Produtos por Grupo/Subgrupo,N,IMPORTACAO,2011-09-02 12:43:26,ES,,
ESF01030,Relatório de Consumo de Materias por Centro de Custo,N,IMPORTACAO,2011-09-02 12:43:26,ES,,
ESF01040,Relatório de Produtos que Atingiram Estoque Mínimo,N,IMPORTACAO,2011-09-02 12:43:26,ES,,
ESF01050,Relatório de Saldo de Produtos,N,IMPORTACAO,2011-09-02 12:43:26,ES,,
ESF01060,Relatório de Razão Individual de Produtos,N,IMPORTACAO,2011-09-02 12:43:26,ES,,
FIF01010,Relatório de Obrigações Financeiras,N,IMPORTACAO,2011-09-02 12:43:26,FI,,
FIF01020,Relatório de Resumos de Contas a Pagar,N,IMPORTACAO,2011-09-02 12:43:26,FI,,
FTF00040,Manutenção de Contratos de Venda,N,IMPORTACAO,2011-09-02 12:43:26,FT,,
FTF00050,Cancelamento de Contratos de Venda,N,IMPORTACAO,2011-09-02 12:43:26,FT,,
FTF01010,Relatório de Espelho de Propostas,N,IMPORTACAO,2011-09-02 12:43:26,FT,,
FTF01020,Relatório de Espelho de Contratos,N,IMPORTACAO,2011-09-02 12:43:26,FT,,
FTF01030,Relatório de Resumo Mensal de Propostas,N,IMPORTACAO,2011-09-02 12:43:26,FT,,
FTF01040,Relatório de Resumo Mensal de Contratos,N,IMPORTACAO,2011-09-02 12:43:26,FT,,
FTF01050,Relatório de Contratos Cancelados,N,IMPORTACAO,2011-09-02 12:43:26,FT,,
FTF01060,Relatório de Contratos em Aberto,N,IMPORTACAO,2011-09-02 12:43:26,FT,,
FTF01070,Relatório de Saldo de Contratos,N,IMPORTACAO,2011-09-02 12:43:26,FT,,
FIF00040,Cadastro de Agências Bancárias,N,IMPORTACAO,2011-09-02 12:43:26,FI,,
FIF00050,Cadastro de Contas Bancárias,N,IMPORTACAO,2011-09-02 12:43:26,FI,,
FIF00060,Cadastro de Talão de Cheque,N,IMPORTACAO,2011-09-02 12:43:26,FI,,
FIF00070,Consulta de Saldo Financeiro,N,IMPORTACAO,2011-09-02 12:43:26,FI,,
FIF00080,Cadastro de Lançamentos Bancários,N,IMPORTACAO,2011-09-02 12:43:26,FI,,
FIF00090,Digitação de Pagamento Avulso,N,IMPORTACAO,2011-09-02 12:43:26,FI,,
FIF00100,Aprovação de Pagamento Avulso,N,IMPORTACAO,2011-09-02 12:43:26,FI,,
FIF00020,Cadastro de Bancos,N,IMPORTACAO,2011-09-02 12:43:26,FI,,
FIF00010,Manutenção de Títulos a Pagar,N,IMPORTACAO,2011-09-02 12:43:26,FI,,
FIF00030,Cadastro de Parâmetros Financeiros,N,IMPORTACAO,2011-09-02 12:43:26,FI,,
FIF00110,Efetivação de Pagamento Avulso,N,IMPORTACAO,2011-09-02 12:43:26,FI,,
FIF00120,Cancelamento de Pagamento Avulso,N,IMPORTACAO,2011-09-02 12:43:26,FI,,
FIF00130,Baixas de Títulos a Pagar,N,IMPORTACAO,2011-09-02 12:43:26,FI,,
FIF01030,Relatório de Baixas de Títulos a Pagar,N,IMPORTACAO,2011-09-02 12:43:26,FI,,
PRF00010,Cadastro de Cilindros,N,IMPORTACAO,2011-09-02 12:43:26,PR,,
PRF00020,Cadastro de Roteiros,N,IMPORTACAO,2011-09-02 12:43:26,PR,,
PRF00030,Cadastro de Etapas,N,IMPORTACAO,2011-09-02 12:43:26,PR,,
PRF00040,Cadastro de Engrenagem,N,IMPORTACAO,2011-09-02 12:43:26,PR,,
PRF00050,Cadastro de Posição de Saída,N,IMPORTACAO,2011-09-02 12:43:26,PR,,
PRF00060,Cadastro de Facas,N,IMPORTACAO,2011-09-02 12:43:26,PR,,
FIF00140,Inicialização de Conta,N,IMPORTACAO,2011-09-02 12:43:26,FI,,
FIF00150,Manutenção de Títulos a Receber,N,IMPORTACAO,2011-09-02 12:43:26,FI,,
FIF01040,Relatório de Títulos  Financeiros,N,IMPORTACAO,2011-09-02 12:43:26,FI,,
FIF01050,Relatório de Resumos de contas a Receber,N,IMPORTACAO,2011-09-02 12:43:26,FI,,
FIF00160,Baixas de Títulos a Receber - Manual,N,IMPORTACAO,2011-09-02 12:43:26,FI,,
FIF01060,Relatório de Baixas de Títulos a Receber,N,IMPORTACAO,2011-09-02 12:43:26,FI,,
PRF00070,Cadastro de Tipos de Corte,N,IMPORTACAO,2011-09-02 12:43:26,PR,,
PRF00080,Cadastro de Anilox,N,IMPORTACAO,2011-09-02 12:43:26,PR,,
PRF00090,Cadastro de Equipamentos,N,IMPORTACAO,2011-09-02 12:43:26,PR,,
RCF01040,Relatório de Tributos de Entrada,N,IMPORTACAO,2011-09-02 12:43:26,RC,,
FTF00060,Controle de Notas Fiscais de Saída,N,IMPORTACAO,2011-09-02 12:43:26,FT,,
FTF00070,Cadastro de Mensagens,N,IMPORTACAO,2011-09-02 12:43:26,FT,,
FTF00080,Faturamento de Contrato,N,IMPORTACAO,2011-09-02 12:43:26,FT,,
FTF00090,Cancelamento de Nota Fiscal,N,IMPORTACAO,2011-09-02 12:43:26,FT,,
FTF01080,Relatório de Fretes,N,IMPORTACAO,2011-09-02 12:43:26,FT,,
FTF01090,Relatório de Tributos de Saída,N,IMPORTACAO,2011-09-02 12:43:26,FT,,
FTF01100,Relatório de Comissão de Representantes,N,IMPORTACAO,2011-09-02 12:43:26,FT,,
FTF00100,Cadastro de Parâmetros do Faturamento,N,IMPORTACAO,2011-09-02 12:43:26,FT,,
GEF00150,Cadastro de Parâmetros de Backup,N,IMPORTACAO,2011-09-02 12:43:26,GE,,
GEF00160,Backup,N,IMPORTACAO,2011-09-02 12:43:26,GE,,
COF00050,Cadastro de Parâmetros do Compras,N,IMPORTACAO,2011-09-02 12:43:26,CO,,
LFF00010,Consulta Fiscal de Notas de Entrada,N,IMPORTACAO,2011-09-02 12:43:26,LF,,
LFF00020,Consulta Fiscal de Notas de Saída,N,IMPORTACAO,2011-09-02 12:43:26,LF,,
ESF00110,Lançamento de Estoque de Produto Fabricado - Entrada,N,IMPORTACAO,2011-09-02 12:43:26,ES,,
ESF00120,Lançamento de Estoque de Insumos,N,IMPORTACAO,2011-09-02 12:43:26,ES,,
PRF00100,Cadastro de Pantones,N,IMPORTACAO,2011-09-02 12:43:26,PR,,
PRF00110,Cadastro de Tubetes,N,IMPORTACAO,2011-09-02 12:43:26,PR,,
PRF00120,Cadastro de Grupos de Perdas,N,IMPORTACAO,2011-09-02 12:43:26,PR,,
ESF00090,Requisição de Mercadorias,N,IMPORTACAO,2011-09-02 12:43:26,ES,,
FIF01070,Relatório de Pagamentos Avulsos,N,IMPORTACAO,2011-09-02 12:43:26,FI,,
RCF01050,Relatório de Resumo de Tributos de Entrada,N,IMPORTACAO,2011-09-02 12:43:26,RC,,
PRF00130,Cadastro de Parâmetros da Produção,N,IMPORTACAO,2011-09-02 12:43:26,PR,,
GEF00170,Agenda Telefônica,N,IMPORTACAO,2011-09-02 12:43:26,GE,,
FIF01080,Relatório de Obrigações Financeiras - Grupo,N,IMPORTACAO,2011-09-02 12:43:26,FI,,
PRF01010,Relatório de Ordem de Produção,N,IMPORTACAO,2011-09-02 12:43:26,PR,,
PRF00140,Planejamento da Produção para Carteira de Contratos,N,IMPORTACAO,2011-09-02 12:43:26,PR,,
PRF01020,Relatório de Facas,N,IMPORTACAO,2011-09-02 12:43:26,PR,,
PRF00150,Geração de Programação,N,IMPORTACAO,2011-09-02 12:43:26,PR,,
PRF01030,Relatório de Anilox,N,IMPORTACAO,2011-09-02 12:43:26,PR,,
PRF01040,Relatório de Cilindros,N,IMPORTACAO,2011-09-02 12:43:26,PR,,
LFF01010,Relatório de Tributos de Entrada,N,IMPORTACAO,2011-09-02 12:43:26,LF,,
PRF00160,Fila de Produção por Etapa,N,IMPORTACAO,2011-09-02 12:43:26,PR,,
PRF00170,Fila de Produção por Equipamentos,N,IMPORTACAO,2011-09-02 12:43:26,PR,,
FTF01110,Reimpressão de Nota Fiscal,N,IMPORTACAO,2011-09-02 12:43:26,FT,,
ESF01070,Relatório de Ressuprimento de Estoque,N,IMPORTACAO,2011-09-02 12:43:26,ES,,
CTF00010,Manutenção do Plano de Contas,N,IMPORTACAO,2011-09-02 12:43:26,CT,,
CTF00020,Cadastro de Históricos Contábeis,N,IMPORTACAO,2011-09-02 12:43:26,CT,,
CTF00030,Cadastro de Módulos Contábeis,N,IMPORTACAO,2011-09-02 12:43:26,CT,,
CTF00040,Cadastro de Fechamento Contábil,N,IMPORTACAO,2011-09-02 12:43:26,CT,,
CTF00050,Fechamento Contábel,N,IMPORTACAO,2011-09-02 12:43:26,CT,,
FIF01090,Relatório de Pagamentos por Cheque,N,IMPORTACAO,2011-09-02 12:43:26,FI,,
PRF00180,Cadastro de Paradas,N,IMPORTACAO,2011-09-02 12:43:26,PR,,
PRF00190,Cadastro de Grupo de Paradas,N,IMPORTACAO,2011-09-02 12:43:26,PR,,
PRF00200,Cadastro de Paradas,N,IMPORTACAO,2011-09-02 12:43:26,PR,,
PRF00210,Iniciar Produção,N,IMPORTACAO,2011-09-02 12:43:26,PR,,
PRF00220,Apontamento de Ordem de Produção - Impressão,N,IMPORTACAO,2011-09-02 12:43:26,PR,,
PRF00230,Estorno de Encerramento de Ordem de Produção,N,IMPORTACAO,2011-09-02 12:43:26,PR,,
PRF00240,Apontamento de Expedição,N,IMPORTACAO,2011-09-02 12:43:26,PR,,
FIF00170,Pagamento Eletrônico,N,IMPORTACAO,2011-09-02 12:43:26,FI,,
FIF00180,Baixa de Pagamento Eletrônico,N,IMPORTACAO,2011-09-02 12:43:26,FI,,
FIF00190,Pagamento via DOC/TED,N,IMPORTACAO,2011-09-02 12:43:26,FI,,
FTF00120,Faturamento de Notas Implantadas,N,IMPORTACAO,2011-09-02 12:43:26,FT,,
FIF01100,Relação de Pagamentos por Fornecedor,N,IMPORTACAO,2011-09-02 12:43:26,FI,,
FTF01120,Relação de Notas Fiscais,N,IMPORTACAO,2011-09-02 12:43:26,FT,,
FIF01280,Relatório de Plano Orçamentário,N,DBSFLEXO,2016-02-11 09:43:53,FI,,
ESF00350,Recálculo do Custo Médio - Produto Fabricado,N,DBSFLEXO,2017-11-13 16:21:51,ES,,
FTF01560,Acompanhamento de Clientes Novos - Faturamento,N,DBSFLEXO,2018-06-18 10:28:13,FT,,
FTF00360,Controle de MDF-e,N,DBSFLEXO,2018-09-26 08:20:46,FT,,
FTF00370,Lançamento de MDF-e,N,DBSFLEXO,2018-09-27 08:16:14,FT,,
FTF00380,Transmissão de MDF-e,N,DBSFLEXO,2018-09-27 08:16:27,FT,,
FTF00390,Encerramento de MDFe,N,DBSFLEXO,2018-11-08 07:43:05,FT,,
ESF00360,Troca de Insumo Principal no Orçamento/Produto,N,DBSFLEXO,2019-05-20 08:24:22,ES,,
FIF00400,Alteração Planejamento Orçamentário,N,DBSFLEXO,2016-05-16 08:44:24,FI,,
FTF00330,Transf. de Pedidos/Insumos para Industrialização,N,DBSFLEXO,2017-02-22 09:49:15,FT,,
FTF01550,Relatório de Transf. de Pedidos/Insumos para Produção,N,DBSFLEXO,2017-02-22 09:49:31,FT,,
FTF00340,Faturamento de Retorno de Transf. de Insumos para Industrialização,N,DBSFLEXO,2017-03-06 15:34:08,FT,,
BIF00010,Gerador de Indicadores - BI,N,DBSFLEXO,2018-06-07 14:51:38,BI,,
RCF00070,Entrada de Nota Fiscal por XML,N,DBSFLEXO,2016-09-23 14:03:41,RC,,
ESF01250,Relatório de Produtos Fabricados por Matéria Prima,N,DBSFLEXO,2016-05-05 14:14:10,ES,,
FIF00410,Bancos - Cheques Recebidos,N,DBSFLEXO,2017-06-16 16:56:39,FI,,
FIF00420,Portadores,N,DBSFLEXO,2017-06-16 16:57:09,FI,,
FIF00430,Lançamento de Cheques Recebidos,N,DBSFLEXO,2017-06-16 16:57:30,FI,,
FTF00350,Inutlização de Nota Fiscal,N,DBSFLEXO,2017-06-23 16:38:29,FT,,
RCF00060,Alteração de CFOP,N,DBSFLEXO,2016-06-17 15:02:44,RC,,
FIF01290,Relatório de Fluxo de Caixa,N,DBSFLEXO,2016-07-06 16:42:59,FI,,
GEF00510,Cadastro de Regiões,N,DBSFLEXO,2017-11-20 14:11:56,GE,,
FIF00450,Geração de arquivo CSV CP/CR - Contabilidade,N,DBSFLEXO,2018-03-15 15:41:01,FI,,
GEF00540,Cadastro de Veículos de Transporte,N,DBSFLEXO,2018-09-28 16:50:53,GE,,
FTF01570,Relatório de Contribuição Marginal,N,DBSFLEXO,2019-05-30 16:12:28,FT,,
